r0,(1;2;3;4),subject,building_component,window
r0,(3),feature,cost,145
r0,(1;2;3;4),criterion,,indoor_comfort
r0,(1),feature,maerial,plastic
r0,(1),feature,glazing,double
r0,(2),feature,material,wood
r0,(4),feature,cost,green
r1,(1;2),feature,material,plastic
r1,(1;2;3;4),subject,building_component,window
r1,(1;3),feature,glazing,double
r1,(3;4),feature,material,wood
r1,(2;4),feature,glazing,triple
r2,(1;2;3;4;5;6;7;8;9),feature,frame,1.55mm
r2,(19;20;21;22;23;24;25;26;27),feature,frame,1.35mm
r2,(1;2;3;10;11;12;19;20;21),feature,glazing,single
r2,(1;2;3;4;5;6;7;8;9;10;11;12;13;14;15;16;17;18;19;20;21;22;23;24;25;26;27),feature,material,plastic
r2,(10;11;12;13;14;15;16;17;18),feature,frame,1.45mm
r2,(1;2;3;4;5;6;7;8;9;10;11;12;13;14;15;16;17;18;19;20;21;22;23;24;25;26;27),subject,building_component,window
r2,(1;2;3;4;5;6;7;8;9;10;11;12;13;14;15;16;17;18;19;20;21;22;23;24;25;26;27),criterion,,thermal_efficiency
r2,(4;5;6;13;14;15;22;23;24),feature,glazing,double
r2,(7;8;9;16;17;18;25;26;27),feature,glazing,triple
r2,(3;6;9;12;15;18;21;24;27),feature,mechanism,topdown
r2,(2;5;8;11;14;17;20;23;26),feature,mechanism,sideways
r2,(1;4;7;10;13;16;19;22;25),feature,mechanism,fixed
